{
    "company_info": {
        "name": "愛貝斯網路",
        "address": "台中市",
        "phone": "04-23109678",
        "email": "service@ibest.tw",
        "business_hours": "週一至週五 9:00-18:00",
        "description": "專業網頁設計公司，服務台北網頁設計、台中網頁設計，累積客戶超過千位",
        "experience": "16年網站建置經驗，累積超過400間飯店民宿案例"
    },
    "service_process": {
        "planning": {
            "name": "需求規劃階段",
            "duration": "約15個工作天",
            "steps": [
                "專案需求訪談",
                "目標客群分析",
                "競爭對手研究",
                "網站架構規劃",
                "轉換率策略制定"
            ]
        },
        "design": {
            "name": "視覺設計階段",
            "duration": "約20個工作天",
            "steps": [
                "品牌視覺規劃",
                "使用者介面設計",
                "響應式版面規劃",
                "設計稿件確認"
            ]
        },
        "development": {
            "name": "程式開發階段",
            "duration": "約30個工作天",
            "steps": [
                "前端頁面切版",
                "後端程式開發",
                "後台系統建置",
                "功能測試除錯"
            ]
        },
        "launch": {
            "name": "上線準備階段",
            "steps": [
                "內容資料上架",
                "SEO基礎優化",
                "後台使用教學",
                "網站正式上線"
            ]
        }
    },
    "technical_features": {
        "development": {
            "architecture": "自主開發框架，兼具MVC優點與效能",
            "features": [
                "模組化程式結構",
                "高效能程式碼",
                "彈性擴充機制",
                "定期資安檢測"
            ],
            "responsive_web_design": {
                "description": "RWD響應式網頁設計技術說明",
                "core_technology": {
                    "css3_media_query": "使用CSS3 media query根據不同螢幕尺寸調整版面",
                    "viewport_settings": "設定HTML viewport確保行動裝置正確顯示",
                    "breakpoints": {
                        "desktop": "1024px以上",
                        "tablet": "720px ~ 1024px",
                        "mobile": "320px ~ 720px"
                    }
                },
                "advantages": [
                    {
                        "title": "有利網路行銷",
                        "description": "增加行動用戶轉換率，適合各種行銷管道分享"
                    },
                    {
                        "title": "節省成本",
                        "description": "一個網站跨平台使用，降低開發和維護成本"
                    },
                    {
                        "title": "提升用戶體驗",
                        "description": "自動適應螢幕大小，無需手動縮放"
                    },
                    {
                        "title": "有利SEO排名",
                        "description": "Google優先考慮行動裝置友善的網站"
                    }
                ],
                "limitations": [
                    "IE7以下不支援",
                    "小螢幕不適合複雜功能",
                    "需考慮載入速度",
                    "需針對手機使用習慣調整"
                ]
            },
            "amp_technology": {
                "description": "AMP (Accelerated Mobile Pages) 技術說明",
                "purpose": "加速行動裝置網頁載入速度",
                "technical_constraints": {
                    "css": "限制50KB以內，不可使用外部CSS",
                    "javascript": "限制使用特效",
                    "html": "需符合AMP特殊HTML格式規範"
                },
                "benefits": [
                    "提升行動裝置載入速度",
                    "適應不同網路環境",
                    "支援各種等級手機",
                    "頁面流暢無廣告干擾",
                    "適合快速瀏覽的內容網站"
                ],
                "limitations": [
                    "視覺設計受限，難以展現品牌特色",
                    "需要維護兩個版本網站(RWD和AMP)",
                    "不適合需要複雜互動的網站",
                    "客製化程度較低"
                ],
                "validation": {
                    "tool": "Google AMP Test",
                    "url": "https://search.google.com/test/amp"
                },
                "implementation_strategy": {
                    "standalone": "適合純內容網站直接使用AMP",
                    "hybrid": "可搭配RWD，透過導流讓手機搜尋結果顯示AMP版本"
                },
                "seo_impact": {
                    "direct_effect": "Google表示AMP不會直接提升排名",
                    "indirect_effects": [
                        "透過提升網頁速度間接影響排名",
                        "需配合優質內容才能發揮效果",
                        "用戶停留時間和互動度更重要"
                    ],
                    "best_practices": [
                        "確保內容質量",
                        "提升用戶體驗",
                        "增加外部連結",
                        "提高網站曝光度"
                    ]
                }
            }
        },
        "seo": {
            "keyword_research": {
                "description": "SEO關鍵字研究策略",
                "strategies": [
                    {
                        "name": "長尾關鍵字策略",
                        "description": "針對較長、較具體的搜尋詞組進行優化，雖流量較小但競爭較低",
                        "benefits": [
                            "競爭度較低",
                            "轉換率較高",
                            "更容易建立權威性"
                        ]
                    },
                    {
                        "name": "關鍵字難度分析",
                        "description": "評估關鍵字的競爭程度和優化難度",
                        "factors": [
                            "搜尋量",
                            "競爭強度",
                            "相關性"
                        ]
                    }
                ]
            },
            "link_building": {
                "description": "SEO連結建立策略",
                "components": {
                    "backlinks": {
                        "description": "反向連結類型和品質評估",
                        "quality_factors": [
                            "頁面權威值(PA)",
                            "網域權威值(DA)",
                            "相關性",
                            "連結位置"
                        ]
                    },
                    "anchor_text": {
                        "description": "錨點文字最佳實踐",
                        "best_practices": [
                            "使用相關關鍵字",
                            "保持自然多樣性",
                            "避免過度優化"
                        ]
                    }
                },
                "strategies": [
                    "建立高品質內容吸引自然連結",
                    "分析競爭對手的連結策略",
                    "與相關網站建立合作關係"
                ]
            },
            "technical_seo": {
                "search_engine_optimization": {
                    "meta_settings": {
                        "title": {
                            "description": "網頁標題標籤",
                            "max_length": "30個中文字",
                            "importance": "搜尋引擎排名的重要因素"
                        },
                        "description": {
                            "description": "網頁描述標籤",
                            "max_length": "80個中文字",
                            "purpose": "提供搜尋結果摘要說明"
                        }
                    },
                    "technical_optimization": [
                        "網站速度優化",
                        "行動裝置相容性",
                        "SSL憑證設定",
                        "結構化資料標記",
                        "Sitemap建置",
                        "robots.txt設定"
                    ],
                    "content_strategy": [
                        "關鍵字研究與規劃",
                        "內容品質與相關性",
                        "使用者意圖分析",
                        "內部連結架構",
                        "外部連結建立"
                    ]
                }
            },
            "content_optimization": {
                "description": "內容優化策略",
                "strategies": [
                    "內容品質與相關性",
                    "使用者意圖分析",
                    "內部連結架構",
                    "外部連結建立"
                ]
            },
            "ranking_factors": {
                "page_speed": {
                    "description": "網頁載入速度是Google排名因素之一",
                    "optimization_methods": [
                        "使用AMP技術",
                        "優化圖片大小",
                        "減少HTTP請求",
                        "使用CDN"
                    ],
                    "importance": "網頁速度影響用戶體驗，進而影響排名，但不是唯一決定因素"
                },
                "content_quality": {
                    "description": "內容品質是最重要的排名因素",
                    "key_points": [
                        "原創性",
                        "相關性",
                        "完整性",
                        "時效性"
                    ],
                    "google_principle": "Content is King - 優質內容是SEO的根本"
                }
            }
        },
        "esg": {
            "environmental": {
                "description": "環境保護相關措施",
                "key_items": [
                    "溫室氣體減排計畫",
                    "綠色能源使用",
                    "節約用水管理",
                    "廢棄物處理追蹤",
                    "環保標章申請"
                ]
            },
            "social": {
                "description": "社會責任實踐",
                "key_items": [
                    "員工權益保障",
                    "職場多元包容",
                    "社區參與計畫",
                    "教育醫療支援"
                ]
            },
            "governance": {
                "description": "公司治理制度",
                "key_items": [
                    "董事會運作透明",
                    "薪酬制度公平",
                    "風險管理機制",
                    "資訊揭露制度"
                ]
            },
            "benefits": {
                "description": "ESG為企業帶來的好處",
                "key_points": [
                    "吸引投資者",
                    "提升財務表現",
                    "維持客戶忠誠度",
                    "確保長期營運",
                    "提升競爭力"
                ]
            },
            "rating": {
                "description": "ESG評分與認證",
                "rating_organizations": {
                    "TAISE": {
                        "name": "台灣永續發展基金會",
                        "awards": [
                            "永續傑出人物",
                            "永續綜合績效",
                            "永續單項績效",
                            "永續報告"
                        ]
                    },
                    "CommonWealth": {
                        "name": "天下永續會",
                        "evaluation_aspects": [
                            "公司治理",
                            "企業承諾",
                            "環境永續",
                            "社會參與"
                        ]
                    }
                }
            }
        },
        "security": {
            "data_protection": {
                "description": "資料傳輸安全",
                "measures": [
                    {
                        "name": "SSL憑證",
                        "function": "加密資料傳輸，防止監聽攔截"
                    }
                ]
            },
            "web_security": {
                "description": "網頁程式安全",
                "measures": [
                    {
                        "name": "源碼檢測",
                        "tool": "SonarQube",
                        "function": "檢查程式碼品質和安全性"
                    },
                    {
                        "name": "弱點掃描",
                        "tools": ["Acunetix", "Rapid7", "OWASP ZAP"],
                        "function": "模擬駭客攻擊測試"
                    },
                    {
                        "name": "WAF防火牆",
                        "function": "即時過濾可疑訪客行為"
                    }
                ]
            },
            "server_security": {
                "description": "主機環境安全",
                "measures": [
                    {
                        "name": "防火牆",
                        "function": "限制Port與IP存取"
                    },
                    {
                        "name": "主機弱點掃描",
                        "tool": "Nessus",
                        "function": "檢測主機環境安全性"
                    },
                    {
                        "name": "防毒與監測",
                        "tool": "趨勢科技DS",
                        "function": "整合防毒與LOG分析"
                    }
                ]
            }
        }
    },
    "services": [
        {
            "id": "corporate_website",
            "name": "企業形象網站設計",
            "description": "專業規劃企業品牌形象網站，從視覺設計到使用者體驗完整打造",
            "features": [
                "RWD響應式設計",
                "SEO優化架構",
                "客製化視覺設計",
                "直覺操作後台"
            ],
            "solutions": [
                "上市櫃公司官網",
                "ESG永續專區",
                "產品展示網站",
                "企業形象網站"
            ]
        },
        {
            "id": "ecommerce_website",
            "name": "電商網站設計",
            "description": "建置專業電子商務網站，整合金流、物流、會員系統等完整功能",
            "features": [
                "金流串接系統",
                "會員管理功能",
                "訂單管理系統",
                "商品管理後台"
            ]
        },
        {
            "id": "hotel_website",
            "name": "旅宿網站設計",
            "description": "專業飯店民宿網站設計，提供基本的訂房功能與房型展示",
            "features": [
                "基本訂房功能",
                "房型資訊展示",
                "基本多語系支援"
            ],
            "details": "我們會根據您的需求，為您打造合適的旅宿網站。如果您需要了解更多服務內容，歡迎撥打電話 04-23109678 與我們聯繫。"
        },
        {
            "id": "seo_service",
            "name": "SEO優化服務",
            "description": "提供完整的SEO優化方案，提升網站搜尋引擎排名",
            "features": [
                "關鍵字策略規劃",
                "網站結構優化",
                "內容SEO優化",
                "成效追蹤分析"
            ],
            "ranking_factors": [
                "內容品質與獨特性",
                "網站載入速度",
                "行動裝置相容性",
                "反向連結建立"
            ]
        },
        {
            "id": "security_service",
            "name": "資訊安全服務",
            "description": "提供完整的網站資安防護方案",
            "features": [
                "SSL憑證安裝",
                "弱點掃描檢測",
                "防火牆設置",
                "資安監控服務"
            ],
            "security_items": {
                "data_transfer": ["SSL憑證加密"],
                "web_program": [
                    "源碼檢測",
                    "弱點掃描",
                    "WAF防火牆"
                ],
                "server": [
                    "防火牆設置",
                    "主機弱點掃描",
                    "防毒與監測"
                ]
            }
        },
        {
            "id": "esg_website",
            "name": "ESG永續網站設計",
            "description": "專業規劃上市櫃公司的ESG永續專區，展現企業在環境、社會責任和公司治理的承諾",
            "features": [
                "完整的ESG策略說明",
                "ESG報告書系統整合",
                "即時資訊更新機制",
                "企業風格設計"
            ],
            "key_points": {
                "content": [
                    "環境永續議題展示",
                    "社會責任回饋表現",
                    "公司治理規劃說明",
                    "短中長期目標規劃"
                ],
                "design": [
                    "RWD響應式設計",
                    "企業識別整合",
                    "直覺式選單設計",
                    "數據圖表視覺化"
                ],
                "function": [
                    "報告書下載系統",
                    "即時資訊更新",
                    "多語系功能",
                    "搜尋引擎優化"
                ]
            },
            "case_studies": [
                "上市櫃公司ESG網站",
                "企業永續專區設計",
                "ESG報告書整合"
            ]
        }
    ],
    "portfolio_types": [
        "企業形象網站",
        "電子商務網站",
        "飯店民宿網站",
        "餐廳品牌網站",
        "教育機構網站",
        "ESG永續網站"
    ],
    "service_areas": [
        "台北網頁設計",
        "台中網頁設計",
        "全台灣接案服務"
    ],
    "faq": [
        {
            "question": "網站建置流程是什麼？",
            "answer": "我們的網站建置分為四大階段：1.需求規劃(15個工作天)：進行需求訪談和架構規劃、2.視覺設計(20個工作天)：設計版面和使用者介面、3.程式開發(30個工作天)：進行前後端開發、4.上線準備：進行內容上架和SEO優化。實際時程會依專案規模調整。"
        },
        {
            "question": "網站建置時程大約需要多久？",
            "answer": "一般企業形象網站約需 3-4 週，電子商務網站約需 6-8 週。實際時程會依據專案規模和功能需求而調整，我們會在專案啟動時提供詳細的時程規劃。"
        },
        {
            "question": "為什麼要選擇RWD響應式網頁設計？",
            "answer": "RWD響應式網頁設計能自動適應不同裝置的螢幕大小，提供最佳的瀏覽體驗。現在超過60%的網站流量來自手機，Google也特別重視行動版網頁，對SEO排名有重要影響。"
        },
        {
            "question": "如何確保網站的資訊安全？",
            "answer": "我們提供多層次的資安防護：1.SSL憑證加密、2.定期弱點掃描、3.防火牆設置、4.資安監控服務。同時也提供教育訓練，協助客戶了解資安維護重點。"
        },
        {
            "question": "為什麼企業需要建置ESG永續網站？",
            "answer": "ESG永續網站能展現企業在環境保護、社會責任和公司治理方面的承諾與成果。透過完整的資訊揭露，可以提升企業形象、增加投資者信任，並符合上市櫃公司的資訊揭露要求。"
        },
        {
            "question": "ESG永續網站需要包含哪些內容？",
            "answer": "ESG永續網站應包含：1.環境永續議題(如碳排放、能源管理)、2.社會責任表現(如員工福利、社區回饋)、3.公司治理規劃(如董事會運作、財務透明度)，並提供完整的ESG報告書下載功能。"
        },
        {
            "question": "網站製作流程和時程規劃為何？",
            "answer": "網站製作分為四大階段：1.需求規劃(15個工作天)：進行需求訪談和架構規劃、2.視覺設計(20個工作天)：設計版面和使用者介面、3.程式開發(30個工作天)：進行前後端開發、4.上線準備：進行內容上架和SEO優化。實際時程會依專案規模調整。"
        },
        {
            "question": "如何確保網站的SEO效果？",
            "answer": "我們從技術面和內容面雙管齊下：1.技術面提供SSL憑證、TDK管理、圖片優化、Sitemap等SEO基礎建設，2.內容面提供後台系統協助您持續更新產業知識、產品資訊等內容，並提供SEO優化建議。"
        },
        {
            "question": "什麼是 ESG？它與 CSR 有什麼不同？",
            "answer": "ESG 代表環境(Environmental)、社會(Social)和公司治理(Governance)三個面向。與CSR相比，ESG更強調可量化的指標評估，包含：1.環境面：碳排放、能源使用等，2.社會面：員工權益、社區關係等，3.治理面：董事會運作、風險管理等。"
        },
        {
            "question": "如何優化網站的SEO效果？",
            "answer": "網站SEO優化需要從技術和內容兩個層面進行：1.技術面：包括Meta設定(標題30字內、描述80字內)、網站速度優化、行動裝置相容性等，2.內容面：進行關鍵字研究、產出高品質內容、建立內外部連結等。此外，還需要持續監測和調整優化策略。"
        },
        {
            "question": "網站需要哪些資安防護措施？",
            "answer": "網站安全防護需要多層面保護：1.資料傳輸：使用SSL憑證加密，2.網頁程式：進行源碼檢測、弱點掃描、設置WAF防火牆，3.主機環境：設置防火牆、進行弱點掃描、安裝防毒軟體，4.定期進行安全性檢測和更新。"
        },
        {
            "question": "如何提升企業的ESG評分？",
            "answer": "提升ESG評分可從以下方面著手：1.參與權威評比（如台灣永續獎TCSA、天下永續公民獎），2.強化ESG三大面向表現：環境保護（減碳、節能）、社會責任（員工福利、社區參與）、公司治理（資訊透明、風險管理），3.定期發布永續報告，展現具體成果。"
        },
        {
            "question": "什麼是長尾關鍵字策略？",
            "answer": "長尾關鍵字是較長且具體的搜尋詞組，雖然單一詞組的搜尋量較小，但因競爭較低且更符合使用者意圖，往往能帶來更高的轉換率。建議將長尾關鍵字策略作為SEO優化的重要組成部分。"
        },
        {
            "question": "如何建立高品質的反向連結？",
            "answer": "建立高品質反向連結需要考慮以下因素：1.連結來源網站的權威性(DA/PA)，2.內容相關性，3.錨點文字的自然性，4.連結位置的重要性。建議通過創作優質內容、與相關網站合作等方式自然獲得連結，避免使用黑帽手法。"
        },
        {
            "question": "RWD響應式網頁設計有什麼優點？",
            "answer": "RWD響應式網頁設計的主要優點包括：1.有利網路行銷，增加行動用戶轉換率，2.節省成本，一個網站可跨平台使用，3.提升用戶體驗，自動適應螢幕大小，4.有利SEO排名，符合Google行動優先原則。此外還可確保品牌形象一致，方便內容分享。"
        },
        {
            "question": "什麼是AMP網頁？它有什麼特點？",
            "answer": "AMP (Accelerated Mobile Pages) 是Google提出的加速行動網頁技術，主要特點是：1.嚴格限制CSS (50KB內)和JavaScript使用，2.採用特殊HTML格式，3.移除不必要的裝飾效果。這些限制能大幅提升行動裝置的載入速度，特別適合需要快速瀏覽的內容網站。"
        },
        {
            "question": "AMP網頁適合什麼類型的網站？",
            "answer": "AMP網頁最適合以內容為主的網站，例如新聞網站、部落格等。因為AMP限制了CSS和JavaScript的使用，所以不適合需要複雜互動或視覺效果的網站。使用AMP的好處是能大幅提升行動裝置的載入速度，但缺點是視覺設計會受限，且可能需要同時維護RWD和AMP兩個版本的網站。"
        },
        {
            "question": "AMP網頁會影響SEO排名嗎？",
            "answer": "AMP網頁不會直接提升SEO排名，但會透過提升網頁載入速度間接影響排名。然而，Google強調Content is King的概念，網站內容質量、用戶停留時間、外部連結等因素才是影響排名的關鍵。單純使用AMP而沒有優質內容，對SEO的幫助有限。"
        }
    ]
}
